{
  "baseline": 0.4486761038191617,
  "sleep": 0.3390411308190001,
  "improvement": -0.10963497300016156,
  "improvement_pct": -24.435215530076412,
  "n_tested": 40
}