{
  "1": {
    "accuracy": 0.611111111111111,
    "cosine_sim": 0.9997297583530728,
    "norm_shift": -9.192906140024585e-09,
    "n_tested": 6
  },
  "2": {
    "accuracy": 0.611111111111111,
    "cosine_sim": 0.9994079456987839,
    "norm_shift": -9.577488802037237e-09,
    "n_tested": 6
  },
  "4": {
    "accuracy": 0.611111111111111,
    "cosine_sim": 0.9988967860261999,
    "norm_shift": -9.783325483070371e-09,
    "n_tested": 6
  },
  "6": {
    "accuracy": 0.611111111111111,
    "cosine_sim": 0.9985094235488389,
    "norm_shift": -9.854197309996001e-09,
    "n_tested": 6
  }
}